<?xml version="1.0" encoding="UTF-8"?>
<project-private xmlns="http://www.netbeans.org/ns/project-private/1">
    <editor-bookmarks xmlns="http://www.netbeans.org/ns/editor-bookmarks/2" lastBookmarkId="0"/>
    <open-files xmlns="http://www.netbeans.org/ns/projectui-open-files/2">
        <group>
            <file>file:/Users/angellunaperez/NetBeansProjects/EquipoLucaClasesParametrizada/src/equipoluca/Animal.java</file>
            <file>file:/Users/angellunaperez/NetBeansProjects/EquipoLucaClasesParametrizada/src/equipoluca/Pajaro.java</file>
            <file>file:/Users/angellunaperez/NetBeansProjects/EquipoLucaClasesParametrizada/src/equipoluca/Jaguar.java</file>
            <file>file:/Users/angellunaperez/NetBeansProjects/EquipoLucaClasesParametrizada/src/equipoluca/Capibara.java</file>
            <file>file:/Users/angellunaperez/NetBeansProjects/EquipoLucaClasesParametrizada/src/equipoluca/Mascota.java</file>
            <file>file:/Users/angellunaperez/NetBeansProjects/EquipoLucaClasesParametrizada/src/equipoluca/MainZoo.java</file>
        </group>
    </open-files>
</project-private>
